{
	"name":	"BoostExample",
	"type":	"Boost",
	"type_f":	2,
	"V_o":	60,
	"V_i":	15,
	"I_o":	0.239999994635582,
	"I_i":	0.959999978542328,
	"R_l":	250,
	"F_s":	11000,
	"i_rip":	0.20000000298023224,
	"i_rip2":	-2,
	"v_rip":	0.5,
	"v_rip2":	-2,
	"C_o":	3.2727271900512278e-05,
	"C_n":	-2,
	"L":	0.0051136361435055733,
	"L2":	-2,
	"k":	0.75
}