{
	"name":	"Buck-Boost-Example",
	"type":	"Buck-Boost",
	"type_f":	3,
	"V_o":	45,
	"V_i":	107.99998474121094,
	"I_o":	12,
	"I_i":	5,
	"R_l":	-1,
	"F_s":	10000,
	"i_rip":	1,
	"i_rip2":	-1,
	"v_rip":	0.5,
	"v_rip2":	-1,
	"C_o":	0.000705882383044809,
	"C_n":	-2,
	"L":	0.0031764702871441841,
	"L2":	-2,
	"k":	0.294117659330368
}