{
	"name":	"IC_converter",
	"type":	"Boost",
	"type_f":	2,
	"V_o":	5,
	"V_i":	3.7000000476837158,
	"I_o":	0.20000000298023224,
	"I_i":	0.27027025818824768,
	"R_l":	-1,
	"F_s":	15000,
	"i_rip":	0.05000000074505806,
	"i_rip2":	-2,
	"v_rip":	0.5,
	"v_rip2":	-2,
	"C_o":	6.9333327701315284e-06,
	"C_n":	-2,
	"L":	0.001282666577026248,
	"L2":	-2,
	"k":	0.25999999046325684
}