{
	"name":	"MicroConverter",
	"type":	"Buck",
	"type_f":	1,
	"V_o":	3.2999999523162842,
	"V_i":	7.1999998092651367,
	"I_o":	0.75,
	"I_i":	0.34375,
	"R_l":	-1,
	"F_s":	15000,
	"i_rip":	0.05000000074505806,
	"i_rip2":	-2,
	"v_rip":	0.33000001311302185,
	"v_rip2":	-2,
	"C_o":	1.2626264833670575e-06,
	"C_n":	-2,
	"L":	0.0023833329323679209,
	"L2":	-2,
	"k":	0.4583333432674408
}